[
	{
		"default_propability" : 1.0,
		"east" : 
		[
			true
		],
		"height" : 1,
		"image_path" : "assets/img/cross.png",
		"north" : 
		[
			true
		],
		"propability_tags" : 
		[
			{
				"propability" : 99,
				"tag" : "cross"
			},
			{
				"propability" : 1,
				"tag" : "hallway"
			}
		],
		"south" : 
		[
			true
		],
		"tags" : 
		[
			"cross"
		],
		"type_name" : "cross",
		"west" : 
		[
			true
		],
		"width" : 1
	},
	{
		"default_propability" : 1.0,
		"east" : 
		[
			false
		],
		"height" : 1,
		"image_path" : "assets/img/hallway.png",
		"north" : 
		[
			true
		],
		"propability_tags" : 
		[
			{
				"propability" : 1,
				"tag" : "cross"
			},
			{
				"propability" : 99,
				"tag" : "hallway"
			}
		],
		"south" : 
		[
			true
		],
		"tags" : 
		[
			"hallway"
		],
		"type_name" : "hallway",
		"west" : 
		[
			false
		],
		"width" : 1
	}
]